<?xml version="1.0"?>
<libraries>
    <library>
        <location>service/vendor/container-interop/container-interop</location>
        <name>container-interop/container-interop</name>
        <license>MIT</license>
    </library>
    <library>
        <location>service/vendor/easyrdf/easyrdf</location>
        <name>easyrdf/easyrdf</name>
        <version>0.9.1</version>
        <license>BSD-3-Clause</license>
    </library>
    <library>
        <location>service/vendor/guzzlehttp/guzzle</location>
        <name>guzzlehttp/guzzle</name>
        <license>MIT</license>
    </library>
    <library>
        <location>service/vendor/guzzlehttp/promises</location>
        <name>guzzlehttp/promises</name>
        <license>MIT</license>
    </library>
    <library>
        <location>service/vendor/guzzlehttp/psr7</location>
        <name>guzzlehttp/psr7</name>
        <license>MIT</license>
    </library>
    <library>
        <location>service/vendor/nikic/fast-route</location>
        <name>nikic/fast-route</name>
        <license>BSD-3-Clause</license>
    </library>
    <library>
        <location>service/vendor/pietercolpaert/hardf</location>
        <name>pietercolpaert/hardf</name>
        <license>MIT</license>
    </library>
    <library>
        <location>service/vendor/pimple/pimple</location>
        <name>pimple/pimple</name>
        <license>MIT</license>
    </library>
    <library>
        <location>service/vendor/psr/container</location>
        <name>psr/container</name>
        <license>MIT</license>
    </library>
    <library>
        <location>service/vendor/psr/http-message</location>
        <name>psr/http-message</name>
        <license>MIT</license>
    </library>
    <library>
        <location>service/vendor/res/liblod</location>
        <name>res/liblod</name>
        <version>0.0.1</version>
        <license>GPL v3</license>
    </library>
    <library>
        <location>service/vendor/slim/slim</location>
        <name>slim/slim</name>
        <license>MIT</license>
    </library>
</libraries>
